model,MAE,RMSE,R2,training_time,prediction_time
Random Forest,0.17789546919048999,0.2526732152515298,0.7822077031620694,1.8874147000005905,0.5585570000002917
XGBoost,0.21457473115050513,0.2893065166130989,0.7144773709321055,0.8834055999996053,0.005332300001100521
Gradient Boosting,0.20721473171057517,0.2704350008092135,0.7505118632192944,0.42846319999989646,0.0016354999988834606
