model,MAE,RMSE,R2,training_time,prediction_time
QNN,0.4817314672333833,0.5415481603354755,-0.0004566405064794221,28.35376989999895,0.6119423000000097
VQR,0.3615331172154451,0.46104226431239204,0.2748871850038386,40.75511109999934,0.6172252999986085
QKR,0.533813514760867,0.6458958496573858,-0.4231447967303055,8.699838599999566,27.864852700000483
